<?xml version="1.0" encoding="UTF-8"?>
<project-private xmlns="http://www.netbeans.org/ns/project-private/1">
    <editor-bookmarks xmlns="http://www.netbeans.org/ns/editor-bookmarks/2" lastBookmarkId="0"/>
    <open-files xmlns="http://www.netbeans.org/ns/projectui-open-files/2">
        <group>
            <file>file:/D:/FPTU/Sum24/PRJ301_Thulvm/SE180481_LeHuuThanhTin_Final_PRJ/JewelryShop/src/java/utils/DBUtils.java</file>
            <file>file:/D:/FPTU/Sum24/PRJ301_Thulvm/SE180481_LeHuuThanhTin_Final_PRJ/JewelryShop/src/java/controller/LoginController.java</file>
            <file>file:/D:/FPTU/Sum24/PRJ301_Thulvm/SE180481_LeHuuThanhTin_Final_PRJ/JewelryShop/web/createJewelry.jsp</file>
            <file>file:/D:/FPTU/Sum24/PRJ301_Thulvm/SE180481_LeHuuThanhTin_Final_PRJ/JewelryShop/web/thankyou.jsp</file>
            <file>file:/D:/FPTU/Sum24/PRJ301_Thulvm/SE180481_LeHuuThanhTin_Final_PRJ/JewelryShop/src/java/Jewelry/JewelryDAO.java</file>
            <file>file:/D:/FPTU/Sum24/PRJ301_Thulvm/SE180481_LeHuuThanhTin_Final_PRJ/JewelryShop/src/java/controller/UpdateUserController2.java</file>
            <file>file:/D:/FPTU/Sum24/PRJ301_Thulvm/SE180481_LeHuuThanhTin_Final_PRJ/JewelryShop/src/java/controller/UpdateJewelryController.java</file>
            <file>file:/D:/FPTU/Sum24/PRJ301_Thulvm/SE180481_LeHuuThanhTin_Final_PRJ/JewelryShop/src/java/controller/RemoveController.java</file>
            <file>file:/D:/FPTU/Sum24/PRJ301_Thulvm/SE180481_LeHuuThanhTin_Final_PRJ/JewelryShop/web/WEB-INF/web.xml</file>
            <file>file:/D:/FPTU/Sum24/PRJ301_Thulvm/SE180481_LeHuuThanhTin_Final_PRJ/JewelryShop/web/invoice.jsp</file>
            <file>file:/D:/FPTU/Sum24/PRJ301_Thulvm/SE180481_LeHuuThanhTin_Final_PRJ/JewelryShop/web/META-INF/context.xml</file>
            <file>file:/D:/FPTU/Sum24/PRJ301_Thulvm/SE180481_LeHuuThanhTin_Final_PRJ/JewelryShop/web/cart.jsp</file>
            <file>file:/D:/FPTU/Sum24/PRJ301_Thulvm/SE180481_LeHuuThanhTin_Final_PRJ/JewelryShop/src/java/user/UserDAO.java</file>
            <file>file:/D:/FPTU/Sum24/PRJ301_Thulvm/SE180481_LeHuuThanhTin_Final_PRJ/JewelryShop/src/java/controller/CreateController.java</file>
            <file>file:/D:/FPTU/Sum24/PRJ301_Thulvm/SE180481_LeHuuThanhTin_Final_PRJ/JewelryShop/web/checkout.jsp</file>
            <file>file:/D:/FPTU/Sum24/PRJ301_Thulvm/SE180481_LeHuuThanhTin_Final_PRJ/JewelryShop/web/Jewelry.jsp</file>
            <file>file:/D:/FPTU/Sum24/PRJ301_Thulvm/SE180481_LeHuuThanhTin_Final_PRJ/JewelryShop/web/login.jsp</file>
            <file>file:/D:/FPTU/Sum24/PRJ301_Thulvm/SE180481_LeHuuThanhTin_Final_PRJ/JewelryShop/web/admin.jsp</file>
            <file>file:/D:/FPTU/Sum24/PRJ301_Thulvm/SE180481_LeHuuThanhTin_Final_PRJ/JewelryShop/web/about.jsp</file>
            <file>file:/D:/FPTU/Sum24/PRJ301_Thulvm/SE180481_LeHuuThanhTin_Final_PRJ/JewelryShop/src/java/controller/UpdateUserController.java</file>
        </group>
    </open-files>
</project-private>
